               epoch,      train/box_loss,      train/obj_loss,      train/cls_loss,   metrics/precision,      metrics/recall,     metrics/mAP_0.5,metrics/mAP_0.5:0.95,        val/box_loss,        val/obj_loss,        val/cls_loss,               x/lr0,               x/lr1,               x/lr2
                   0,             0.09272,            0.025957,            0.022543,             0.80392,             0.25672,             0.36469,              0.1502,             0.06627,            0.013942,            0.010276,            0.070395,           0.0032895,           0.0032895
                   1,            0.066451,            0.022475,           0.0076404,             0.59687,              0.5062,             0.56747,             0.24335,            0.058754,             0.01013,           0.0023195,            0.040388,           0.0066163,           0.0066163
                   2,            0.062339,            0.020053,           0.0038625,             0.40533,             0.43295,             0.38506,             0.12389,            0.070382,           0.0093705,           0.0025901,            0.010375,           0.0099364,           0.0099364
                   3,            0.058297,            0.018651,           0.0032717,             0.71055,             0.84518,             0.80757,             0.36317,            0.042618,           0.0088285,           0.0017502,           0.0099703,           0.0099703,           0.0099703
                   4,            0.051239,             0.01826,           0.0027729,             0.72457,             0.80713,             0.80673,             0.36496,            0.041529,           0.0089806,           0.0012284,           0.0099703,           0.0099703,           0.0099703
                   5,            0.047278,            0.016891,           0.0022351,             0.78904,             0.76933,             0.83625,             0.40972,             0.04228,           0.0089132,            0.001362,           0.0099604,           0.0099604,           0.0099604
                   6,             0.04519,            0.016929,           0.0021697,             0.73461,             0.81573,             0.78813,             0.38869,             0.04156,           0.0090689,           0.0010793,           0.0099505,           0.0099505,           0.0099505
                   7,            0.044685,            0.017515,            0.001641,             0.76377,             0.77421,              0.7995,             0.35906,            0.045712,           0.0085483,           0.0018823,           0.0099406,           0.0099406,           0.0099406
                   8,            0.043337,             0.01656,           0.0017088,             0.83227,             0.78196,             0.85678,             0.43709,            0.040148,           0.0086876,          0.00089183,           0.0099307,           0.0099307,           0.0099307
                   9,            0.042092,            0.016393,           0.0019707,              0.7402,             0.79836,              0.8273,             0.31382,            0.043125,           0.0085116,            0.001188,           0.0099208,           0.0099208,           0.0099208
                  10,            0.042097,            0.017139,           0.0016015,             0.80983,              0.8447,             0.87431,             0.49721,            0.035464,           0.0088689,           0.0024758,           0.0099109,           0.0099109,           0.0099109
                  11,            0.040502,            0.017384,           0.0013444,             0.83214,             0.87193,             0.89905,             0.50883,            0.034301,           0.0081255,            0.001537,            0.009901,            0.009901,            0.009901
                  12,            0.039112,             0.01632,           0.0013802,             0.83212,             0.82553,              0.8978,             0.50522,            0.035627,           0.0084035,          0.00099915,           0.0098911,           0.0098911,           0.0098911
                  13,            0.039751,            0.015937,           0.0011652,             0.85246,             0.86132,             0.91024,             0.48903,            0.036365,           0.0084848,          0.00075352,           0.0098812,           0.0098812,           0.0098812
                  14,            0.038706,            0.015789,           0.0015112,             0.83365,             0.83936,              0.8704,             0.46455,            0.039054,           0.0087919,          0.00074134,           0.0098713,           0.0098713,           0.0098713
                  15,            0.038948,            0.016255,           0.0012091,             0.84732,             0.79438,             0.84582,             0.49995,            0.035079,           0.0082606,           0.0010301,           0.0098614,           0.0098614,           0.0098614
                  16,            0.037575,            0.015394,            0.001469,             0.83889,             0.86882,             0.87076,             0.50746,            0.034991,           0.0080746,          0.00062258,           0.0098515,           0.0098515,           0.0098515
                  17,            0.037582,             0.01585,           0.0010243,             0.87509,             0.86761,             0.92209,             0.54073,            0.034101,           0.0078798,          0.00050355,           0.0098416,           0.0098416,           0.0098416
                  18,            0.036361,            0.015431,            0.001127,             0.85479,             0.87588,             0.88802,             0.52083,            0.034576,           0.0082782,          0.00084994,           0.0098317,           0.0098317,           0.0098317
                  19,            0.036911,            0.015486,           0.0009488,             0.83144,             0.83046,              0.8366,             0.46245,            0.037178,           0.0083954,          0.00041045,           0.0098218,           0.0098218,           0.0098218
                  20,            0.036441,            0.015049,          0.00088016,             0.80098,             0.88725,             0.89762,             0.50956,            0.035454,           0.0083734,          0.00046228,           0.0098119,           0.0098119,           0.0098119
                  21,            0.035763,             0.01581,          0.00094153,             0.83267,              0.9161,             0.92935,             0.51942,            0.034223,           0.0078727,          0.00054247,            0.009802,            0.009802,            0.009802
                  22,            0.034764,            0.015076,          0.00091095,             0.85241,             0.91537,             0.92854,             0.52251,            0.032933,            0.007878,          0.00070792,           0.0097921,           0.0097921,           0.0097921
                  23,            0.035385,            0.015471,           0.0010644,              0.8356,             0.91295,              0.9141,             0.52639,            0.033786,           0.0078301,          0.00050179,           0.0097822,           0.0097822,           0.0097822
                  24,            0.034835,            0.015342,          0.00098417,             0.85092,             0.85737,             0.90075,             0.54537,            0.032663,           0.0078725,          0.00055737,           0.0097723,           0.0097723,           0.0097723
                  25,            0.035142,            0.015327,           0.0007877,             0.88635,             0.86074,             0.91371,              0.5628,            0.031807,           0.0076957,          0.00059515,           0.0097624,           0.0097624,           0.0097624
                  26,            0.034521,            0.014604,           0.0007524,             0.81172,             0.89862,             0.89837,             0.55014,            0.032987,            0.008025,          0.00074221,           0.0097525,           0.0097525,           0.0097525
                  27,            0.034126,            0.014881,          0.00082579,             0.82799,             0.85297,              0.8862,             0.47281,            0.035112,           0.0080478,          0.00038596,           0.0097426,           0.0097426,           0.0097426
                  28,            0.034215,            0.015019,          0.00057213,             0.81327,             0.84197,             0.86376,             0.49878,            0.034079,           0.0078531,          0.00038798,           0.0097327,           0.0097327,           0.0097327
                  29,            0.033696,            0.014131,          0.00082667,             0.85532,             0.89693,             0.93396,             0.54541,            0.033271,            0.007752,          0.00054241,           0.0097228,           0.0097228,           0.0097228
                  30,            0.033033,            0.014535,          0.00067184,             0.89873,             0.89947,             0.92552,             0.55453,            0.032468,           0.0075941,           0.0010233,           0.0097129,           0.0097129,           0.0097129
                  31,            0.033579,            0.014843,          0.00085599,             0.84145,             0.86435,             0.89437,             0.49387,            0.034095,           0.0078812,          0.00037829,            0.009703,            0.009703,            0.009703
                  32,            0.033025,            0.014342,          0.00074701,             0.81968,             0.86468,             0.86491,             0.51776,            0.033153,           0.0079743,          0.00062547,           0.0096931,           0.0096931,           0.0096931
                  33,            0.032634,            0.015134,          0.00082418,             0.85976,             0.85641,             0.89421,             0.54002,            0.032313,           0.0077975,          0.00056037,           0.0096832,           0.0096832,           0.0096832
                  34,            0.032308,            0.014274,          0.00082159,             0.85625,             0.88755,             0.91951,             0.54329,            0.032608,           0.0077243,          0.00033594,           0.0096733,           0.0096733,           0.0096733
                  35,              0.0328,            0.014515,          0.00066051,             0.88058,             0.87753,             0.92222,             0.56551,            0.031968,            0.007827,          0.00039728,           0.0096634,           0.0096634,           0.0096634
                  36,            0.032221,            0.014259,          0.00063899,             0.85979,             0.84956,             0.90152,             0.56169,             0.03238,           0.0079609,          0.00047422,           0.0096535,           0.0096535,           0.0096535
                  37,            0.031937,            0.013976,          0.00053141,             0.81985,              0.8654,             0.88694,             0.51742,            0.032762,           0.0080132,          0.00051103,           0.0096436,           0.0096436,           0.0096436
                  38,            0.031639,            0.013978,           0.0006665,             0.86277,             0.87051,             0.91085,             0.56515,            0.031259,           0.0083105,          0.00034355,           0.0096337,           0.0096337,           0.0096337
                  39,            0.031418,            0.014023,          0.00052095,             0.86973,             0.90705,              0.9232,             0.57216,            0.031063,           0.0077023,          0.00039605,           0.0096238,           0.0096238,           0.0096238
                  40,            0.030604,            0.013839,          0.00052872,             0.87145,             0.84498,              0.9008,             0.54427,            0.033617,           0.0078261,           0.0003791,           0.0096139,           0.0096139,           0.0096139
                  41,            0.031347,            0.014196,          0.00055291,             0.89957,             0.86306,              0.9269,             0.57112,            0.031222,           0.0078386,           0.0003339,            0.009604,            0.009604,            0.009604
                  42,            0.031465,            0.014043,          0.00051167,             0.86713,             0.86513,             0.90208,              0.5595,            0.031944,           0.0078228,          0.00042917,           0.0095941,           0.0095941,           0.0095941
                  43,            0.030607,            0.013745,          0.00042364,             0.84883,             0.83623,             0.89113,             0.55414,            0.031342,           0.0081984,          0.00027062,           0.0095842,           0.0095842,           0.0095842
                  44,            0.031053,            0.014287,          0.00063039,             0.86636,             0.82637,             0.90444,             0.53763,            0.032463,           0.0081188,          0.00036129,           0.0095743,           0.0095743,           0.0095743
                  45,            0.030899,            0.014008,          0.00052177,             0.82954,             0.87865,             0.90247,             0.55986,            0.032486,           0.0077999,           0.0002898,           0.0095644,           0.0095644,           0.0095644
                  46,            0.030331,            0.013742,          0.00061126,             0.87397,             0.85588,             0.91276,             0.56094,            0.031084,           0.0078072,          0.00061713,           0.0095545,           0.0095545,           0.0095545
                  47,            0.030454,            0.013318,          0.00064212,             0.92576,             0.81398,             0.90749,             0.55563,            0.031512,           0.0078572,           0.0005155,           0.0095446,           0.0095446,           0.0095446
                  48,            0.030624,            0.014203,           0.0007007,             0.89565,             0.94672,             0.93886,             0.57687,            0.031416,            0.007575,          0.00033184,           0.0095347,           0.0095347,           0.0095347
                  49,            0.030338,             0.01336,          0.00049507,             0.88746,             0.89485,             0.92415,             0.57774,            0.030774,           0.0078011,          0.00045861,           0.0095248,           0.0095248,           0.0095248
                  50,            0.030225,            0.013567,          0.00059174,              0.8842,             0.84719,             0.89187,             0.56757,            0.030225,            0.007793,          0.00030581,           0.0095149,           0.0095149,           0.0095149
                  51,            0.030351,            0.013422,          0.00057997,             0.87506,             0.87252,             0.92223,             0.58088,            0.031359,           0.0076504,          0.00052621,            0.009505,            0.009505,            0.009505
                  52,            0.030022,            0.013458,          0.00049566,             0.85949,             0.88519,             0.88883,              0.5561,            0.030933,           0.0078688,          0.00059084,           0.0094951,           0.0094951,           0.0094951
                  53,            0.029619,            0.013582,           0.0006087,             0.85587,             0.83601,              0.8915,             0.56325,            0.031914,            0.008091,          0.00066357,           0.0094852,           0.0094852,           0.0094852
                  54,             0.02923,            0.013463,          0.00051153,             0.87794,             0.86511,             0.93097,             0.58418,            0.030024,           0.0077699,          0.00043572,           0.0094753,           0.0094753,           0.0094753
                  55,            0.029734,            0.013474,          0.00061692,             0.87196,             0.83636,             0.91124,             0.57897,            0.030202,           0.0080296,          0.00033724,           0.0094654,           0.0094654,           0.0094654
                  56,             0.03003,            0.013878,          0.00065945,             0.87536,             0.81261,             0.90486,              0.5753,            0.031003,           0.0078486,          0.00034732,           0.0094555,           0.0094555,           0.0094555
                  57,            0.029502,            0.013142,          0.00066054,             0.84605,             0.88439,             0.91525,              0.5911,            0.031948,           0.0077191,          0.00094264,           0.0094456,           0.0094456,           0.0094456
                  58,            0.029117,            0.013531,          0.00064727,             0.88069,             0.88533,             0.91467,              0.5939,            0.030484,           0.0078073,          0.00032643,           0.0094357,           0.0094357,           0.0094357
                  59,            0.029645,            0.013198,          0.00046802,             0.85863,             0.81303,             0.89145,             0.57845,            0.031652,           0.0080221,          0.00030035,           0.0094258,           0.0094258,           0.0094258
                  60,            0.028496,             0.01338,           0.0005253,              0.7961,             0.89158,             0.89919,             0.56201,            0.032254,           0.0082463,          0.00029821,           0.0094159,           0.0094159,           0.0094159
                  61,            0.029166,            0.013449,          0.00038433,              0.8267,             0.90711,             0.90523,             0.55933,            0.032097,           0.0078706,          0.00022426,            0.009406,            0.009406,            0.009406
                  62,            0.027702,            0.013178,           0.0006208,              0.8595,              0.9286,             0.93401,             0.57412,            0.030829,           0.0080368,          0.00031178,           0.0093961,           0.0093961,           0.0093961
                  63,            0.028894,            0.013555,           0.0004804,             0.86407,             0.83905,             0.92188,             0.57586,            0.032407,           0.0078215,          0.00026177,           0.0093862,           0.0093862,           0.0093862
                  64,            0.028973,            0.012506,          0.00043116,             0.84492,             0.83692,             0.90319,             0.55064,            0.031868,           0.0079687,           0.0002848,           0.0093763,           0.0093763,           0.0093763
                  65,            0.029127,            0.012736,          0.00039072,             0.84155,             0.84873,             0.88324,             0.53452,            0.033624,           0.0081726,           0.0010729,           0.0093664,           0.0093664,           0.0093664
                  66,            0.028755,            0.012821,          0.00051743,               0.879,             0.86478,             0.90903,             0.57604,             0.03167,           0.0078647,          0.00030185,           0.0093565,           0.0093565,           0.0093565
                  67,            0.028316,            0.013425,          0.00059498,             0.86542,             0.88037,             0.91762,             0.58268,            0.030725,           0.0075529,          0.00065444,           0.0093466,           0.0093466,           0.0093466
                  68,            0.028179,            0.013459,          0.00048352,              0.8787,             0.84078,             0.87444,             0.54304,            0.032101,           0.0077844,          0.00057288,           0.0093367,           0.0093367,           0.0093367
                  69,            0.028568,            0.013077,          0.00055684,             0.87678,             0.82838,             0.91034,             0.56619,            0.032649,           0.0078401,           0.0004841,           0.0093268,           0.0093268,           0.0093268
                  70,            0.028438,            0.013068,          0.00041385,             0.85748,              0.8822,             0.92679,             0.56964,            0.031401,           0.0078428,          0.00024557,           0.0093169,           0.0093169,           0.0093169
                  71,            0.027771,            0.012758,           0.0005205,             0.87345,              0.8947,             0.93336,              0.5679,            0.032537,           0.0077954,          0.00037591,            0.009307,            0.009307,            0.009307
                  72,            0.027702,            0.012641,          0.00040356,             0.88758,             0.88751,             0.91096,             0.56609,            0.030588,           0.0077448,          0.00029794,           0.0092971,           0.0092971,           0.0092971
                  73,             0.02734,            0.012724,          0.00035934,             0.88934,             0.85095,             0.92256,              0.5689,            0.032491,           0.0080853,          0.00026817,           0.0092872,           0.0092872,           0.0092872
                  74,            0.028038,            0.012795,          0.00049718,             0.89658,              0.8572,              0.9148,             0.58634,            0.031307,           0.0077512,          0.00028098,           0.0092773,           0.0092773,           0.0092773
                  75,            0.028088,            0.013194,          0.00042352,             0.88318,             0.86213,             0.91437,             0.58322,            0.031768,           0.0076722,          0.00032227,           0.0092674,           0.0092674,           0.0092674
                  76,            0.027114,            0.012418,           0.0003412,             0.85953,              0.9179,             0.93397,             0.56991,            0.032079,           0.0076673,          0.00035766,           0.0092575,           0.0092575,           0.0092575
                  77,            0.027664,             0.01269,          0.00051782,             0.85815,             0.89693,             0.93177,             0.57786,            0.031976,           0.0075539,          0.00041913,           0.0092476,           0.0092476,           0.0092476
                  78,            0.027769,            0.012592,          0.00044729,             0.84431,             0.90047,              0.9174,             0.55457,            0.031893,           0.0080138,          0.00026651,           0.0092377,           0.0092377,           0.0092377
                  79,            0.027057,            0.012788,          0.00033574,              0.8215,              0.8708,             0.89645,             0.56361,             0.03213,           0.0076904,          0.00028313,           0.0092278,           0.0092278,           0.0092278
                  80,            0.027294,            0.012288,          0.00033686,             0.88677,             0.83138,             0.91017,             0.56123,            0.032075,           0.0083667,          0.00069252,           0.0092179,           0.0092179,           0.0092179
                  81,            0.026895,            0.012519,          0.00041508,             0.86254,             0.85479,             0.92326,             0.58798,             0.03096,           0.0080046,           0.0006076,            0.009208,            0.009208,            0.009208
                  82,            0.027255,            0.012323,          0.00038234,             0.89925,             0.85994,               0.934,             0.58808,            0.031232,             0.00801,          0.00041212,           0.0091981,           0.0091981,           0.0091981
                  83,            0.027336,            0.012765,          0.00048088,             0.88407,             0.89723,             0.92161,             0.59639,             0.03208,           0.0078135,          0.00060691,           0.0091882,           0.0091882,           0.0091882
                  84,            0.027679,            0.012577,          0.00038694,             0.88712,             0.86568,              0.9128,             0.57484,            0.032504,           0.0078051,           0.0014271,           0.0091783,           0.0091783,           0.0091783
                  85,            0.027234,            0.012996,          0.00042143,             0.89851,             0.88665,             0.93664,             0.59205,            0.031505,           0.0076423,           0.0016104,           0.0091684,           0.0091684,           0.0091684
                  86,            0.027012,            0.012224,          0.00038295,             0.88576,             0.86779,             0.93487,              0.5913,            0.030749,           0.0079446,          0.00092381,           0.0091585,           0.0091585,           0.0091585
                  87,            0.027415,            0.012646,          0.00044861,             0.87774,             0.85275,             0.91647,             0.57483,            0.031834,           0.0078614,          0.00035617,           0.0091486,           0.0091486,           0.0091486
                  88,            0.026769,            0.012067,          0.00040124,             0.86353,             0.87553,              0.9219,             0.59625,            0.031619,            0.007695,          0.00078129,           0.0091387,           0.0091387,           0.0091387
                  89,            0.027339,            0.012761,          0.00036884,             0.87055,             0.83685,             0.91105,             0.57858,            0.031364,           0.0080468,          0.00066475,           0.0091288,           0.0091288,           0.0091288
                  90,             0.02712,            0.012683,          0.00033205,              0.8573,              0.8799,             0.90896,             0.57263,              0.0323,             0.00812,          0.00058567,           0.0091189,           0.0091189,           0.0091189
                  91,            0.026192,            0.012394,          0.00027736,             0.88342,             0.89644,             0.92006,              0.5778,            0.030896,           0.0078889,          0.00025911,            0.009109,            0.009109,            0.009109
                  92,            0.026331,            0.012026,          0.00028244,             0.82901,             0.89068,             0.92327,             0.58022,            0.031877,           0.0078201,          0.00027204,           0.0090991,           0.0090991,           0.0090991
                  93,            0.026189,            0.012392,          0.00031897,             0.81529,             0.91165,             0.91221,             0.58119,            0.032968,           0.0080221,          0.00021961,           0.0090892,           0.0090892,           0.0090892
                  94,            0.026807,            0.012465,          0.00033564,              0.8852,             0.86685,             0.91093,             0.58227,            0.030737,           0.0079428,          0.00022601,           0.0090793,           0.0090793,           0.0090793
                  95,            0.026805,            0.012375,          0.00033341,             0.82796,             0.88619,             0.90042,             0.58467,            0.031271,           0.0079638,          0.00023856,           0.0090694,           0.0090694,           0.0090694
                  96,            0.027153,            0.012294,          0.00031248,             0.87917,             0.90228,             0.92954,               0.575,            0.032119,           0.0078746,          0.00029194,           0.0090595,           0.0090595,           0.0090595
                  97,            0.025877,            0.012232,          0.00036131,             0.86812,             0.90249,              0.9342,              0.5823,            0.032704,           0.0079635,          0.00022951,           0.0090496,           0.0090496,           0.0090496
                  98,            0.026478,             0.01232,          0.00044188,             0.90388,             0.87814,             0.93514,             0.58721,            0.031819,           0.0078475,          0.00027016,           0.0090397,           0.0090397,           0.0090397
                  99,            0.026584,            0.012377,          0.00042227,             0.82719,             0.92804,             0.93303,             0.58804,            0.032075,            0.007834,          0.00022679,           0.0090298,           0.0090298,           0.0090298
                 100,            0.026353,            0.012231,           0.0004349,             0.83903,               0.851,             0.91432,             0.59343,            0.031406,           0.0079817,          0.00078695,           0.0090199,           0.0090199,           0.0090199
                 101,            0.026231,            0.012169,            0.000379,             0.88984,             0.88966,             0.93232,             0.58683,            0.031368,           0.0081087,          0.00023491,             0.00901,             0.00901,             0.00901
                 102,            0.026608,            0.012172,          0.00032018,             0.87315,             0.84941,             0.91163,             0.57016,            0.030915,           0.0079578,          0.00024173,           0.0090001,           0.0090001,           0.0090001
                 103,            0.026173,            0.012611,           0.0003684,             0.83373,             0.88354,             0.91138,             0.57972,             0.03082,           0.0078672,          0.00044341,           0.0089902,           0.0089902,           0.0089902
                 104,            0.025899,            0.012133,          0.00044198,             0.87655,             0.87311,             0.91788,             0.57522,            0.031336,           0.0078919,          0.00082167,           0.0089803,           0.0089803,           0.0089803
                 105,            0.025998,            0.011672,          0.00028864,             0.87821,             0.85773,              0.9316,             0.57514,            0.031328,           0.0079872,          0.00076661,           0.0089704,           0.0089704,           0.0089704
                 106,            0.025954,            0.011689,          0.00059987,             0.83714,             0.88426,              0.9228,             0.58456,            0.031797,           0.0080254,          0.00022515,           0.0089605,           0.0089605,           0.0089605
                 107,            0.025661,            0.011801,           0.0002656,             0.84618,             0.93888,             0.93615,              0.5784,            0.031787,           0.0078743,          0.00040616,           0.0089506,           0.0089506,           0.0089506
                 108,            0.025486,            0.011706,          0.00037738,             0.90992,             0.89282,             0.93106,             0.57953,            0.031288,           0.0079445,          0.00081992,           0.0089407,           0.0089407,           0.0089407
                 109,            0.025844,            0.011801,          0.00039273,             0.90353,             0.92548,             0.95057,             0.61241,            0.030417,            0.007429,           0.0002442,           0.0089308,           0.0089308,           0.0089308
                 110,            0.025692,            0.011603,          0.00029818,             0.91066,             0.85421,             0.93782,             0.60319,            0.031138,           0.0080871,          0.00064977,           0.0089209,           0.0089209,           0.0089209
                 111,            0.025104,            0.011586,          0.00029937,             0.84423,             0.87373,             0.91684,             0.58369,            0.031088,           0.0082013,          0.00025864,            0.008911,            0.008911,            0.008911
                 112,            0.025558,             0.01195,          0.00035557,             0.86846,               0.884,             0.92869,             0.60686,            0.031322,           0.0076128,          0.00040449,           0.0089011,           0.0089011,           0.0089011
                 113,            0.025423,            0.011937,           0.0002849,             0.82396,             0.84574,             0.89355,             0.56528,            0.032641,           0.0082825,          0.00023608,           0.0088912,           0.0088912,           0.0088912
                 114,            0.025576,            0.011519,          0.00040748,             0.82664,             0.85643,             0.89768,             0.57852,            0.032497,           0.0082027,          0.00081806,           0.0088813,           0.0088813,           0.0088813
                 115,            0.025168,             0.01173,          0.00029557,             0.81789,             0.89783,             0.91351,             0.58603,            0.033155,           0.0080941,          0.00026242,           0.0088714,           0.0088714,           0.0088714
                 116,            0.025294,             0.01197,          0.00033189,             0.87452,             0.81109,             0.90774,             0.56496,            0.033994,           0.0082771,          0.00019945,           0.0088615,           0.0088615,           0.0088615
                 117,            0.025307,            0.011772,          0.00026974,             0.84249,             0.87693,             0.91281,              0.5712,            0.032581,           0.0081899,          0.00023966,           0.0088516,           0.0088516,           0.0088516
                 118,            0.025159,            0.011819,          0.00030353,             0.87553,             0.85739,             0.91575,             0.58513,            0.031738,           0.0082241,          0.00032493,           0.0088417,           0.0088417,           0.0088417
                 119,            0.025285,            0.011608,          0.00035157,             0.86799,             0.87438,             0.91221,             0.58075,            0.032028,           0.0083427,           0.0002578,           0.0088318,           0.0088318,           0.0088318
                 120,            0.024976,            0.011743,          0.00040686,             0.87901,             0.87693,             0.93077,              0.5615,            0.031385,           0.0082191,          0.00028698,           0.0088219,           0.0088219,           0.0088219
                 121,            0.025415,            0.011851,          0.00036114,             0.82401,             0.88001,              0.9091,             0.57131,            0.031591,           0.0082434,          0.00020605,            0.008812,            0.008812,            0.008812
                 122,            0.024977,             0.01163,          0.00030826,             0.82474,             0.89071,             0.92411,             0.59061,            0.031454,           0.0083425,          0.00023412,           0.0088021,           0.0088021,           0.0088021
                 123,            0.024859,            0.011623,          0.00029934,             0.87284,             0.90501,             0.94707,             0.59872,            0.031128,           0.0080081,          0.00064908,           0.0087922,           0.0087922,           0.0087922
                 124,            0.024873,            0.011351,          0.00034802,             0.88694,             0.85172,             0.93543,             0.58592,            0.031083,           0.0080995,            0.000224,           0.0087823,           0.0087823,           0.0087823
                 125,            0.024558,            0.011216,          0.00029361,             0.82375,             0.93337,             0.93206,              0.5883,            0.030905,           0.0082133,          0.00036807,           0.0087724,           0.0087724,           0.0087724
                 126,             0.02509,            0.011571,          0.00040034,             0.87722,             0.88888,             0.92447,             0.58759,            0.031634,           0.0082547,          0.00022014,           0.0087625,           0.0087625,           0.0087625
                 127,            0.024859,            0.012093,          0.00032568,             0.86025,             0.91271,             0.92561,             0.58992,            0.031458,           0.0079109,          0.00020878,           0.0087526,           0.0087526,           0.0087526
                 128,            0.024311,            0.011661,           0.0002453,             0.83368,             0.92229,             0.93395,             0.58814,            0.031109,           0.0080427,          0.00020158,           0.0087427,           0.0087427,           0.0087427
                 129,            0.024536,            0.011281,           0.0003161,             0.81669,              0.8938,             0.91568,             0.58202,             0.03116,           0.0082567,            0.000249,           0.0087328,           0.0087328,           0.0087328
                 130,            0.024543,            0.011655,          0.00035127,              0.8157,             0.89783,             0.92183,             0.59499,            0.032133,           0.0081027,          0.00023717,           0.0087229,           0.0087229,           0.0087229
                 131,            0.024912,            0.011293,          0.00046033,             0.86101,             0.89049,             0.92582,             0.61043,            0.031346,           0.0082595,          0.00033561,            0.008713,            0.008713,            0.008713
                 132,            0.024491,            0.012114,          0.00041227,             0.76388,              0.9012,             0.90659,             0.57003,            0.032285,            0.008741,          0.00061861,           0.0087031,           0.0087031,           0.0087031
                 133,             0.02458,            0.011564,          0.00024859,             0.74729,             0.93079,             0.90687,             0.58624,            0.031572,           0.0086083,          0.00018845,           0.0086932,           0.0086932,           0.0086932
                 134,            0.024706,            0.011583,          0.00039282,             0.82884,              0.8929,             0.92236,              0.5805,            0.031986,             0.00872,          0.00018401,           0.0086833,           0.0086833,           0.0086833
                 135,            0.024672,            0.010977,          0.00027256,             0.86514,             0.88674,             0.93333,              0.5858,            0.032233,           0.0080301,          0.00021263,           0.0086734,           0.0086734,           0.0086734
                 136,            0.024478,            0.011335,          0.00032419,             0.86761,              0.9063,             0.93198,             0.58091,            0.032911,           0.0080764,          0.00096506,           0.0086635,           0.0086635,           0.0086635
                 137,            0.024398,            0.011504,          0.00028806,             0.87249,             0.93046,             0.94675,             0.58268,            0.031823,           0.0081179,          0.00024403,           0.0086536,           0.0086536,           0.0086536
                 138,              0.0244,            0.011202,          0.00024624,             0.82668,             0.91215,             0.91282,              0.5843,            0.032396,           0.0084278,          0.00019421,           0.0086437,           0.0086437,           0.0086437
                 139,            0.024225,            0.011284,          0.00027149,             0.88606,              0.8688,             0.93603,             0.58958,            0.032074,           0.0080399,          0.00030294,           0.0086338,           0.0086338,           0.0086338
                 140,            0.024476,            0.011199,          0.00048473,             0.85381,               0.917,             0.93083,             0.58965,            0.031425,           0.0079793,          0.00025321,           0.0086239,           0.0086239,           0.0086239
                 141,            0.024583,            0.011723,          0.00049714,             0.83667,              0.9175,             0.92315,             0.58185,            0.032045,           0.0084502,          0.00022399,            0.008614,            0.008614,            0.008614
                 142,            0.024423,            0.011696,          0.00029599,             0.85722,             0.89498,             0.91935,              0.5846,            0.031296,            0.007964,          0.00020445,           0.0086041,           0.0086041,           0.0086041
                 143,             0.02433,            0.011049,          0.00032902,             0.88942,             0.88063,             0.92853,             0.59299,            0.031544,           0.0081887,          0.00027652,           0.0085942,           0.0085942,           0.0085942
                 144,            0.024068,            0.011617,          0.00026604,             0.83106,              0.8894,                0.91,              0.5786,            0.032637,            0.008199,          0.00018601,           0.0085843,           0.0085843,           0.0085843
                 145,            0.024524,            0.011604,          0.00027636,             0.83929,             0.90656,             0.94205,             0.59976,            0.031443,           0.0080483,            0.000269,           0.0085744,           0.0085744,           0.0085744
                 146,            0.024693,             0.01144,          0.00032409,             0.81791,             0.84338,             0.90296,             0.59246,            0.032167,           0.0081718,          0.00089304,           0.0085645,           0.0085645,           0.0085645
                 147,            0.023598,            0.011079,           0.0002718,             0.86124,               0.863,             0.93816,             0.58504,            0.030892,           0.0083978,          0.00044058,           0.0085546,           0.0085546,           0.0085546
                 148,            0.024024,            0.011988,          0.00033977,             0.82811,             0.88462,             0.92071,             0.59166,            0.031076,           0.0085942,           0.0002407,           0.0085447,           0.0085447,           0.0085447
                 149,            0.023823,             0.01104,          0.00024656,             0.87436,             0.86213,             0.93476,             0.59279,            0.031391,            0.008425,          0.00021834,           0.0085348,           0.0085348,           0.0085348
                 150,            0.023772,            0.011398,          0.00021725,             0.83237,             0.88118,             0.92119,             0.59677,             0.03222,           0.0081963,          0.00020453,           0.0085249,           0.0085249,           0.0085249
                 151,            0.024148,            0.011185,          0.00034225,             0.90882,             0.87542,               0.931,             0.59513,            0.032152,           0.0084774,           0.0002103,            0.008515,            0.008515,            0.008515
                 152,            0.023681,            0.011438,          0.00034304,             0.85136,             0.91255,             0.93857,             0.60804,            0.030999,           0.0079938,          0.00018188,           0.0085051,           0.0085051,           0.0085051
                 153,            0.023294,            0.011121,          0.00025905,              0.7835,             0.89088,             0.90031,              0.5811,            0.031927,           0.0086099,          0.00029747,           0.0084952,           0.0084952,           0.0084952
                 154,            0.023964,            0.010965,          0.00036527,             0.86565,             0.89176,              0.9273,             0.60907,            0.030565,           0.0078702,          0.00021559,           0.0084853,           0.0084853,           0.0084853
                 155,            0.023635,            0.011108,          0.00028971,             0.82712,             0.86838,             0.91433,             0.58915,            0.031911,           0.0081488,            0.000187,           0.0084754,           0.0084754,           0.0084754
                 156,            0.023631,            0.011382,          0.00030866,             0.82452,             0.90181,             0.93304,             0.61105,            0.031114,           0.0082096,          0.00016864,           0.0084655,           0.0084655,           0.0084655
                 157,            0.023985,            0.011404,          0.00027118,             0.85536,             0.89461,             0.93932,             0.60853,               0.031,           0.0081162,          0.00020704,           0.0084556,           0.0084556,           0.0084556
                 158,            0.023522,            0.011489,          0.00031775,             0.83761,             0.85848,             0.93594,             0.59911,            0.031452,           0.0082012,          0.00018083,           0.0084457,           0.0084457,           0.0084457
                 159,            0.023607,            0.011131,          0.00023589,             0.84075,             0.90318,             0.93644,             0.59873,            0.031114,            0.008068,          0.00017299,           0.0084358,           0.0084358,           0.0084358
                 160,             0.02347,            0.010969,          0.00032556,              0.8372,              0.9248,             0.93657,             0.59731,            0.031431,           0.0081134,          0.00020126,           0.0084259,           0.0084259,           0.0084259
                 161,            0.023812,            0.011445,          0.00031917,             0.87818,              0.8581,             0.94087,             0.58246,             0.03182,            0.007973,          0.00018635,            0.008416,            0.008416,            0.008416
                 162,            0.023941,             0.01111,           0.0002924,             0.82393,             0.90228,             0.92039,              0.5858,            0.032517,            0.008223,          0.00019749,           0.0084061,           0.0084061,           0.0084061
                 163,            0.023311,            0.011273,          0.00033865,             0.81908,             0.87436,             0.91698,              0.5852,            0.031787,           0.0082651,          0.00018381,           0.0083962,           0.0083962,           0.0083962
                 164,            0.023439,            0.010925,          0.00025283,              0.9022,             0.83844,             0.92883,             0.59488,            0.031719,           0.0082093,          0.00018216,           0.0083863,           0.0083863,           0.0083863
                 165,            0.023352,            0.011338,          0.00026487,             0.86624,             0.88419,             0.93487,             0.59637,            0.031201,           0.0080726,          0.00019044,           0.0083764,           0.0083764,           0.0083764
                 166,            0.023587,            0.010966,          0.00035806,              0.8373,             0.92032,             0.93883,             0.60498,            0.031029,           0.0081201,          0.00018705,           0.0083665,           0.0083665,           0.0083665
                 167,            0.023217,            0.010644,          0.00024842,             0.84543,             0.92638,             0.94304,             0.61698,            0.030697,           0.0077697,          0.00019733,           0.0083566,           0.0083566,           0.0083566
                 168,             0.02322,            0.010807,          0.00022558,             0.87269,             0.87422,             0.93674,             0.60697,            0.030683,           0.0078684,          0.00017319,           0.0083467,           0.0083467,           0.0083467
                 169,            0.023785,            0.011494,          0.00025618,             0.81282,             0.89783,             0.91676,             0.58498,            0.031389,            0.008033,            0.000218,           0.0083368,           0.0083368,           0.0083368
                 170,            0.022667,            0.010918,          0.00028497,             0.84483,             0.85297,             0.90515,             0.57228,            0.032078,           0.0083775,          0.00021781,           0.0083269,           0.0083269,           0.0083269
                 171,            0.023417,            0.011305,          0.00020877,             0.84198,             0.89996,             0.91761,             0.58698,            0.031732,           0.0083152,          0.00016917,            0.008317,            0.008317,            0.008317
                 172,            0.022975,            0.011295,          0.00027975,             0.88634,              0.8835,             0.94298,             0.60279,            0.031433,            0.008067,          0.00017999,           0.0083071,           0.0083071,           0.0083071
                 173,            0.023304,            0.010964,          0.00028345,             0.86879,             0.87048,             0.93378,             0.58574,            0.031636,           0.0082953,          0.00020627,           0.0082972,           0.0082972,           0.0082972
                 174,            0.023223,            0.011116,          0.00027792,             0.87501,             0.91507,             0.94945,             0.59563,            0.030912,            0.008158,          0.00022072,           0.0082873,           0.0082873,           0.0082873
                 175,            0.023243,             0.01089,          0.00025878,             0.88563,              0.8822,             0.94027,             0.59755,            0.031524,           0.0082281,          0.00018123,           0.0082774,           0.0082774,           0.0082774
                 176,            0.023226,            0.011224,          0.00025989,             0.80749,             0.91673,             0.91349,             0.58369,            0.031594,           0.0088237,          0.00017951,           0.0082675,           0.0082675,           0.0082675
                 177,             0.02327,            0.011111,          0.00022294,             0.87095,             0.86215,             0.92365,             0.59769,            0.031627,           0.0083163,          0.00016128,           0.0082576,           0.0082576,           0.0082576
                 178,            0.022913,             0.01089,          0.00033179,             0.78942,             0.92038,             0.90932,             0.59076,            0.031688,            0.008537,           0.0001984,           0.0082477,           0.0082477,           0.0082477
                 179,            0.022544,            0.011043,          0.00036116,             0.80645,              0.9306,             0.93416,             0.58185,            0.032049,            0.008418,          0.00019876,           0.0082378,           0.0082378,           0.0082378
                 180,            0.022792,            0.011138,          0.00025555,             0.88783,             0.85452,             0.93192,             0.60016,            0.031494,           0.0081969,          0.00018568,           0.0082279,           0.0082279,           0.0082279
                 181,            0.023384,            0.010924,          0.00030027,             0.87423,             0.88282,             0.92242,             0.58977,            0.031189,           0.0085238,          0.00024279,            0.008218,            0.008218,            0.008218
                 182,            0.022332,            0.011098,          0.00026141,             0.82737,               0.898,              0.9181,             0.60232,            0.031465,           0.0082066,             0.00023,           0.0082081,           0.0082081,           0.0082081
                 183,            0.023236,            0.010829,          0.00035431,             0.83598,             0.86486,             0.92775,             0.58694,            0.031507,            0.008468,          0.00022127,           0.0081982,           0.0081982,           0.0081982
                 184,            0.023054,            0.010859,          0.00025506,             0.83225,             0.92435,             0.91886,             0.58477,            0.031515,           0.0086109,          0.00023017,           0.0081883,           0.0081883,           0.0081883
                 185,             0.02293,            0.011163,          0.00035634,             0.86226,             0.90512,             0.93458,             0.60608,            0.030545,           0.0081424,          0.00020038,           0.0081784,           0.0081784,           0.0081784
                 186,            0.022473,            0.011068,          0.00030609,             0.85033,             0.86016,              0.9109,             0.58886,            0.031098,           0.0081925,          0.00019624,           0.0081685,           0.0081685,           0.0081685
                 187,             0.02311,            0.011383,          0.00021188,             0.83423,             0.92215,             0.93242,             0.59341,            0.032033,           0.0081257,            0.000157,           0.0081586,           0.0081586,           0.0081586
                 188,            0.022556,            0.010409,          0.00023625,             0.85505,             0.86223,             0.91813,              0.5903,            0.031601,           0.0081499,          0.00015733,           0.0081487,           0.0081487,           0.0081487
                 189,            0.022369,            0.010699,          0.00028821,             0.87413,             0.92645,             0.94311,             0.59476,            0.030849,           0.0082864,          0.00018458,           0.0081388,           0.0081388,           0.0081388
                 190,            0.022921,            0.011087,          0.00027426,             0.87325,             0.89283,             0.94206,             0.59473,            0.031645,           0.0079834,          0.00017358,           0.0081289,           0.0081289,           0.0081289
                 191,             0.02335,             0.01069,          0.00035204,             0.84924,             0.90707,             0.92501,             0.58791,            0.030558,           0.0080423,          0.00019199,            0.008119,            0.008119,            0.008119
                 192,            0.022648,            0.010576,          0.00021634,             0.87899,              0.8465,             0.92613,             0.59365,            0.030367,           0.0080789,          0.00019317,           0.0081091,           0.0081091,           0.0081091
                 193,            0.022596,            0.010646,          0.00024727,              0.8588,             0.89076,              0.9249,             0.58343,            0.031192,           0.0079907,          0.00016654,           0.0080992,           0.0080992,           0.0080992
                 194,            0.022298,             0.01061,          0.00024987,              0.8532,             0.87695,             0.93502,             0.58865,            0.031192,           0.0081075,          0.00018406,           0.0080893,           0.0080893,           0.0080893
                 195,             0.02217,            0.010939,          0.00022312,             0.83855,             0.90247,             0.93513,             0.60067,            0.031155,           0.0079754,          0.00019957,           0.0080794,           0.0080794,           0.0080794
                 196,            0.022527,            0.010628,          0.00027449,             0.89281,             0.89278,             0.94226,              0.5911,            0.031064,           0.0082768,          0.00021037,           0.0080695,           0.0080695,           0.0080695
                 197,            0.022703,            0.010639,          0.00029053,             0.85133,             0.93485,              0.9349,             0.60073,            0.030675,           0.0083032,          0.00022252,           0.0080596,           0.0080596,           0.0080596
                 198,            0.022427,            0.010853,          0.00024566,              0.8412,             0.92415,              0.9257,             0.59648,            0.031238,           0.0081754,          0.00022596,           0.0080497,           0.0080497,           0.0080497
                 199,            0.022322,            0.010674,          0.00028936,             0.84708,             0.86476,             0.91651,             0.58895,            0.031597,           0.0083357,          0.00022272,           0.0080398,           0.0080398,           0.0080398
                 200,            0.022483,            0.010787,          0.00018985,              0.8545,              0.8911,             0.91427,             0.59597,            0.031256,           0.0081887,          0.00019612,           0.0080299,           0.0080299,           0.0080299
                 201,            0.022534,            0.010327,          0.00022535,             0.82619,             0.87472,              0.9202,             0.60574,            0.030814,            0.008287,          0.00020537,             0.00802,             0.00802,             0.00802
                 202,            0.022216,            0.010529,          0.00024122,              0.8347,             0.90568,             0.91954,             0.59219,            0.031172,           0.0083292,          0.00017186,           0.0080101,           0.0080101,           0.0080101
                 203,            0.022336,            0.010544,          0.00028455,             0.84539,             0.87466,             0.91807,             0.58931,             0.03081,           0.0082564,          0.00022234,           0.0080002,           0.0080002,           0.0080002
                 204,            0.022362,            0.010578,          0.00019201,             0.84912,             0.89732,             0.92697,             0.59881,            0.030567,           0.0081456,          0.00016338,           0.0079903,           0.0079903,           0.0079903
                 205,            0.021984,            0.010632,          0.00018787,              0.8645,             0.92013,             0.93821,             0.59239,            0.031065,           0.0082947,           0.0001715,           0.0079804,           0.0079804,           0.0079804
                 206,            0.022311,            0.010797,          0.00016378,             0.85581,              0.8929,             0.93407,             0.58719,            0.031251,           0.0084292,          0.00017266,           0.0079705,           0.0079705,           0.0079705
                 207,            0.022462,            0.010345,          0.00029799,             0.85614,             0.86278,             0.92349,             0.59702,            0.030899,           0.0083432,           0.0001927,           0.0079606,           0.0079606,           0.0079606
                 208,            0.022374,             0.01065,          0.00019891,             0.87642,             0.87796,              0.9462,             0.58682,            0.030601,           0.0082901,          0.00016941,           0.0079507,           0.0079507,           0.0079507
                 209,            0.021894,             0.01082,          0.00018722,              0.8771,             0.90678,             0.93723,             0.59503,            0.030666,           0.0079994,          0.00016121,           0.0079408,           0.0079408,           0.0079408
                 210,            0.022254,            0.010386,          0.00017624,             0.82088,             0.89251,             0.91657,             0.59259,            0.030932,            0.008022,          0.00019425,           0.0079309,           0.0079309,           0.0079309
                 211,            0.022387,            0.010208,          0.00018745,              0.8172,             0.90926,             0.91146,             0.60146,            0.031344,           0.0079452,          0.00017056,            0.007921,            0.007921,            0.007921
                 212,            0.022214,            0.010555,          0.00016263,             0.83648,             0.84566,             0.89615,             0.58429,               0.032,           0.0082934,          0.00019619,           0.0079111,           0.0079111,           0.0079111
                 213,            0.022019,            0.010572,          0.00021621,             0.84603,             0.89463,             0.91771,             0.60147,             0.03153,           0.0081423,          0.00022061,           0.0079012,           0.0079012,           0.0079012
                 214,              0.0221,            0.010481,          0.00033271,             0.84902,             0.88605,             0.92646,             0.59734,            0.031592,           0.0080135,          0.00017487,           0.0078913,           0.0078913,           0.0078913
                 215,            0.022374,            0.010191,          0.00024766,             0.85676,             0.88107,             0.91001,             0.59277,             0.03181,           0.0080515,          0.00021237,           0.0078814,           0.0078814,           0.0078814
                 216,            0.022253,            0.010367,          0.00033405,             0.83491,             0.91388,             0.93941,             0.59682,            0.031293,            0.008256,          0.00049496,           0.0078715,           0.0078715,           0.0078715
                 217,            0.022353,             0.01069,          0.00029138,             0.84016,             0.91099,             0.92371,             0.59744,            0.031414,           0.0081117,          0.00013137,           0.0078616,           0.0078616,           0.0078616
                 218,            0.022265,            0.010545,          0.00021762,             0.82387,             0.89705,             0.91526,             0.59166,            0.031228,           0.0083731,          0.00017504,           0.0078517,           0.0078517,           0.0078517
                 219,            0.022036,            0.010412,          0.00025453,              0.8412,             0.89693,             0.91743,             0.59222,            0.031685,           0.0083528,          0.00014862,           0.0078418,           0.0078418,           0.0078418
                 220,            0.021748,            0.010314,          0.00031253,              0.8233,             0.89248,             0.91494,              0.5968,            0.031775,           0.0083596,          0.00015387,           0.0078319,           0.0078319,           0.0078319
                 221,            0.022406,             0.01058,           0.0002815,             0.85818,              0.8581,             0.92617,             0.60964,            0.031143,           0.0080556,          0.00015385,            0.007822,            0.007822,            0.007822
                 222,            0.021928,            0.010776,          0.00031386,             0.83301,             0.87973,             0.90888,             0.58981,            0.031598,           0.0080937,          0.00017394,           0.0078121,           0.0078121,           0.0078121
                 223,            0.022112,            0.010136,          0.00033123,             0.83052,             0.90953,             0.92029,             0.59096,            0.031201,           0.0081684,          0.00014958,           0.0078022,           0.0078022,           0.0078022
                 224,             0.02213,            0.010163,          0.00024133,             0.88081,             0.88755,             0.92636,             0.59942,            0.031322,           0.0082225,           0.0001585,           0.0077923,           0.0077923,           0.0077923
                 225,            0.021553,            0.010656,          0.00025675,             0.84692,             0.91712,             0.92394,             0.60305,            0.031574,           0.0080796,          0.00015766,           0.0077824,           0.0077824,           0.0077824
                 226,            0.021786,             0.01013,          0.00023074,             0.81695,              0.9011,             0.91955,             0.58639,            0.031606,           0.0083742,          0.00020763,           0.0077725,           0.0077725,           0.0077725
                 227,            0.022231,            0.010548,          0.00041288,             0.84022,             0.92548,             0.92345,             0.57711,            0.031627,           0.0082623,          0.00042425,           0.0077626,           0.0077626,           0.0077626
                 228,            0.021974,            0.010527,          0.00021051,             0.86099,             0.89904,             0.92531,              0.6015,            0.030619,           0.0080319,          0.00020044,           0.0077527,           0.0077527,           0.0077527
                 229,            0.021878,            0.010486,          0.00022353,             0.85037,             0.87979,             0.91329,             0.60079,            0.031207,           0.0081149,          0.00019724,           0.0077428,           0.0077428,           0.0077428
                 230,            0.022163,            0.010611,           0.0003176,             0.84013,             0.87463,               0.913,             0.59123,            0.031553,           0.0084951,          0.00028264,           0.0077329,           0.0077329,           0.0077329
                 231,            0.021534,            0.010248,          0.00019746,             0.85514,              0.9179,             0.91923,               0.598,            0.031401,           0.0084766,          0.00030159,            0.007723,            0.007723,            0.007723
                 232,            0.021641,            0.010451,          0.00024678,             0.84308,             0.87603,             0.92127,             0.59867,            0.031657,           0.0085066,          0.00036281,           0.0077131,           0.0077131,           0.0077131
                 233,            0.021772,              0.0103,          0.00023671,             0.85332,             0.86459,             0.92009,             0.59675,            0.031806,            0.008462,          0.00018625,           0.0077032,           0.0077032,           0.0077032
                 234,            0.021503,            0.010218,          0.00026322,             0.83696,             0.85053,             0.91446,             0.58998,            0.031894,           0.0086149,           0.0001669,           0.0076933,           0.0076933,           0.0076933
                 235,            0.021994,             0.01052,          0.00020918,             0.83311,             0.82316,             0.89837,               0.581,            0.032119,           0.0089148,          0.00016745,           0.0076834,           0.0076834,           0.0076834
                 236,            0.021283,            0.010292,          0.00022752,             0.84039,             0.87807,             0.92277,             0.58949,            0.031806,           0.0088053,          0.00018225,           0.0076735,           0.0076735,           0.0076735
                 237,             0.02167,            0.010262,          0.00019546,             0.83601,              0.9136,             0.93648,             0.59418,            0.031159,           0.0082635,          0.00036478,           0.0076636,           0.0076636,           0.0076636
                 238,            0.022111,           0.0099057,          0.00028554,             0.85882,             0.88622,             0.93836,             0.59156,            0.031107,           0.0083897,          0.00040889,           0.0076537,           0.0076537,           0.0076537
                 239,            0.021808,            0.010365,           0.0002625,             0.84544,             0.87685,             0.91742,             0.59502,            0.032079,           0.0083818,          0.00014151,           0.0076438,           0.0076438,           0.0076438
                 240,            0.021559,            0.010049,          0.00024854,             0.87251,             0.85853,             0.92867,             0.59378,            0.031758,           0.0084179,          0.00023561,           0.0076339,           0.0076339,           0.0076339
                 241,            0.021325,            0.010043,          0.00021245,              0.8627,             0.90095,             0.94141,             0.59462,            0.031207,           0.0084707,           0.0001785,            0.007624,            0.007624,            0.007624
                 242,             0.02134,             0.01034,          0.00024069,             0.86285,             0.88624,             0.93702,             0.60012,            0.031097,            0.008605,          0.00019349,           0.0076141,           0.0076141,           0.0076141
                 243,            0.021238,            0.010503,          0.00022254,             0.86166,             0.89636,              0.9289,             0.59473,            0.031119,           0.0084553,          0.00017024,           0.0076042,           0.0076042,           0.0076042
                 244,             0.02147,            0.010352,          0.00017745,             0.87273,             0.86566,             0.93093,             0.59929,            0.031872,           0.0083812,          0.00014983,           0.0075943,           0.0075943,           0.0075943
                 245,            0.021365,            0.010318,          0.00021759,             0.84965,             0.88643,             0.93219,             0.59359,            0.032027,           0.0084981,          0.00020067,           0.0075844,           0.0075844,           0.0075844
                 246,             0.02133,            0.010001,          0.00025798,             0.88047,             0.85053,             0.93025,             0.59727,            0.031472,           0.0085719,           0.0002386,           0.0075745,           0.0075745,           0.0075745
                 247,            0.021143,            0.010169,          0.00023577,             0.82083,             0.89258,             0.91826,             0.59249,            0.031878,           0.0086123,          0.00015527,           0.0075646,           0.0075646,           0.0075646
                 248,            0.021414,             0.01017,          0.00019066,             0.86168,             0.85874,             0.91835,             0.58842,            0.031816,           0.0084279,          0.00014014,           0.0075547,           0.0075547,           0.0075547
                 249,            0.021187,            0.010134,          0.00027184,             0.87096,             0.86455,             0.92412,             0.59648,            0.031374,           0.0086145,          0.00016692,           0.0075448,           0.0075448,           0.0075448
                 250,             0.02143,             0.01002,          0.00027597,             0.83444,             0.88583,             0.92332,             0.59268,             0.03145,            0.008494,           0.0001489,           0.0075349,           0.0075349,           0.0075349
                 251,            0.021123,            0.010407,          0.00038367,             0.88351,             0.91151,             0.95028,             0.59672,            0.030514,           0.0084055,          0.00014812,            0.007525,            0.007525,            0.007525
                 252,            0.021392,            0.010381,          0.00028597,             0.91125,             0.86588,             0.94747,             0.60033,            0.030283,           0.0085854,          0.00019102,           0.0075151,           0.0075151,           0.0075151
                 253,            0.021447,            0.010575,           0.0003096,             0.85893,             0.88384,             0.93526,             0.60677,            0.030845,           0.0084208,          0.00013825,           0.0075052,           0.0075052,           0.0075052
                 254,            0.021394,            0.010354,          0.00034225,             0.88964,             0.89877,             0.93546,              0.6125,            0.031108,           0.0083129,          0.00016003,           0.0074953,           0.0074953,           0.0074953
                 255,            0.021068,           0.0099615,          0.00025716,              0.8381,             0.88935,             0.92832,             0.59916,            0.031256,           0.0083738,          0.00014122,           0.0074854,           0.0074854,           0.0074854
                 256,            0.021095,             0.01019,             0.00027,             0.85788,             0.89806,             0.92723,             0.60821,            0.031255,           0.0084582,          0.00014353,           0.0074755,           0.0074755,           0.0074755
                 257,            0.020905,            0.010172,          0.00017943,             0.86971,             0.89234,             0.94225,             0.60514,            0.031483,           0.0085915,          0.00014981,           0.0074656,           0.0074656,           0.0074656
                 258,            0.021205,            0.010338,          0.00021713,             0.86864,             0.84333,             0.91435,             0.59504,            0.032128,           0.0084113,          0.00012963,           0.0074557,           0.0074557,           0.0074557
                 259,            0.021829,            0.010621,          0.00027161,             0.85749,             0.85377,              0.9083,             0.59096,            0.031572,           0.0083955,          0.00012501,           0.0074458,           0.0074458,           0.0074458
                 260,            0.020802,           0.0099142,          0.00037056,             0.83088,             0.84977,             0.91127,             0.60352,            0.030855,           0.0085379,          0.00021496,           0.0074359,           0.0074359,           0.0074359
                 261,            0.021995,             0.01046,          0.00027304,             0.84232,             0.90057,              0.9358,             0.60722,             0.03072,           0.0079644,          0.00018698,            0.007426,            0.007426,            0.007426
                 262,            0.021561,            0.010789,          0.00026597,             0.86945,              0.8992,             0.94431,              0.6116,            0.030219,           0.0079784,          0.00014395,           0.0074161,           0.0074161,           0.0074161
                 263,            0.020462,            0.009996,           0.0001812,             0.86828,             0.90228,             0.94392,             0.61196,            0.030216,           0.0081229,          0.00014716,           0.0074062,           0.0074062,           0.0074062
                 264,            0.020703,            0.010274,          0.00017563,             0.87403,              0.8929,             0.92873,             0.60768,            0.030467,           0.0085926,          0.00016765,           0.0073963,           0.0073963,           0.0073963
                 265,            0.020952,            0.010715,          0.00020143,             0.85893,             0.90581,             0.92674,             0.60335,            0.030885,           0.0088791,          0.00019966,           0.0073864,           0.0073864,           0.0073864
                 266,            0.021062,            0.010085,          0.00024852,             0.87537,             0.88836,             0.92974,             0.60346,            0.030771,           0.0083502,          0.00019159,           0.0073765,           0.0073765,           0.0073765
                 267,            0.021248,            0.010122,          0.00024826,             0.84809,             0.90676,              0.9262,             0.59299,            0.031385,           0.0086759,           0.0003076,           0.0073666,           0.0073666,           0.0073666
